144	50.302891	host	1.1.0	USBHID	126	001c000000040d0201010000000000000000000000000000000000000000000000000000000000000000000000000000000000000000000000000000000000000000000000000000000000000000000000000000000000000b00	SET_REPORT Request
149	50.311676	host	1.1.0	USBHID	126	001d000000040d0201020000000000000000000000000000000000000000000000000000000000000000000000000000000000000000000000000000000000000000000000000000000000000000000000000000000000000800	SET_REPORT Request
233	62.589817	host	1.1.0	USBHID	126	0003000000040d0201010000000000000000000000000000000000000000000000000000000000000000000000000000000000000000000000000000000000000000000000000000000000000000000000000000000000000b00	SET_REPORT Request
234	62.601892	host	1.1.0	USBHID	126	0004000000040d0201020000000000000000000000000000000000000000000000000000000000000000000000000000000000000000000000000000000000000000000000000000000000000000000000000000000000000800	SET_REPORT Request
235	64.671940	host	1.1.0	USBHID	126	0005000000040d0201010001000000000000000000000000000000000000000000000000000000000000000000000000000000000000000000000000000000000000000000000000000000000000000000000000000000000a00	SET_REPORT Request
236	64.682966	host	1.1.0	USBHID	126	0006000000040d0201020001000000000000000000000000000000000000000000000000000000000000000000000000000000000000000000000000000000000000000000000000000000000000000000000000000000000900	SET_REPORT Request
237	64.892936	host	1.1.0	USBHID	126	0007000000030d0101012300000000000000000000000000000000000000000000000000000000000000000000000000000000000000000000000000000000000000000000000000000000000000000000000000000000002c00	SET_REPORT Request
238	64.903222	host	1.1.0	USBHID	126	0008000000030d0101022300000000000000000000000000000000000000000000000000000000000000000000000000000000000000000000000000000000000000000000000000000000000000000000000000000000002f00	SET_REPORT Request
239	86.863959	host	1.1.0	USBHID	126	0009000000030d0101011400000000000000000000000000000000000000000000000000000000000000000000000000000000000000000000000000000000000000000000000000000000000000000000000000000000001b00	SET_REPORT Request
240	86.872513	host	1.1.0	USBHID	126	000a000000030d0101021400000000000000000000000000000000000000000000000000000000000000000000000000000000000000000000000000000000000000000000000000000000000000000000000000000000001800	SET_REPORT Request
241	97.538465	host	1.1.0	USBHID	126	000b000000030d0101013200000000000000000000000000000000000000000000000000000000000000000000000000000000000000000000000000000000000000000000000000000000000000000000000000000000003d00	SET_REPORT Request
242	97.546611	host	1.1.0	USBHID	126	000c000000030d0101023200000000000000000000000000000000000000000000000000000000000000000000000000000000000000000000000000000000000000000000000000000000000000000000000000000000003e00	SET_REPORT Request
243	99.269419	host	1.1.0	USBHID	126	000d000000040d0201010000000000000000000000000000000000000000000000000000000000000000000000000000000000000000000000000000000000000000000000000000000000000000000000000000000000000b00	SET_REPORT Request
244	99.279527	host	1.1.0	USBHID	126	000e000000040d0201020000000000000000000000000000000000000000000000000000000000000000000000000000000000000000000000000000000000000000000000000000000000000000000000000000000000000800	SET_REPORT Request
245	130.472079	host	1.1.0	USBHID	126	001e000000040d0201010500000000000000000000000000000000000000000000000000000000000000000000000000000000000000000000000000000000000000000000000000000000000000000000000000000000000e00	SET_REPORT Request
249	130.497341	host	1.1.0	USBHID	126	0000000000040d0201020500000000000000000000000000000000000000000000000000000000000000000000000000000000000000000000000000000000000000000000000000000000000000000000000000000000000d00	SET_REPORT Request
265	157.649118	host	1.1.0	USBHID	126	0001000000040d0201010400000000000000000000000000000000000000000000000000000000000000000000000000000000000000000000000000000000000000000000000000000000000000000000000000000000000f00	SET_REPORT Request
277	157.657581	host	1.1.0	USBHID	126	0002000000040d0201020400000000000000000000000000000000000000000000000000000000000000000000000000000000000000000000000000000000000000000000000000000000000000000000000000000000000c00	SET_REPORT Request
281	157.868994	host	1.1.0	USBHID	126	0003000000030d0701010300000000000000000000000000000000000000000000000000000000000000000000000000000000000000000000000000000000000000000000000000000000000000000000000000000000000a00	SET_REPORT Request
285	157.921857	host	1.1.0	USBHID	126	0004000000030d0701020200000000000000000000000000000000000000000000000000000000000000000000000000000000000000000000000000000000000000000000000000000000000000000000000000000000000800	SET_REPORT Request
299	206.034034	host	1.1.0	USBHID	126	0005000000030d0701010200000000000000000000000000000000000000000000000000000000000000000000000000000000000000000000000000000000000000000000000000000000000000000000000000000000000b00	SET_REPORT Request
328	222.906459	host	1.1.0	USBHID	126	0006000000030d0701010100000000000000000000000000000000000000000000000000000000000000000000000000000000000000000000000000000000000000000000000000000000000000000000000000000000000800	SET_REPORT Request
347	247.594628	host	1.1.0	USBHID	126	0007000000030d0701010000000000000000000000000000000000000000000000000000000000000000000000000000000000000000000000000000000000000000000000000000000000000000000000000000000000000900	SET_REPORT Request
374	275.439180	host	1.1.0	USBHID	126	0008000000030d0701020100000000000000000000000000000000000000000000000000000000000000000000000000000000000000000000000000000000000000000000000000000000000000000000000000000000000b00	SET_REPORT Request
395	289.164012	host	1.1.0	USBHID	126	0009000000030d0701020000000000000000000000000000000000000000000000000000000000000000000000000000000000000000000000000000000000000000000000000000000000000000000000000000000000000a00	SET_REPORT Request
428	299.387508	host	1.1.0	USBHID	126	000a000000030d0701020200000000000000000000000000000000000000000000000000000000000000000000000000000000000000000000000000000000000000000000000000000000000000000000000000000000000800	SET_REPORT Request
446	310.717151	host	1.1.0	USBHID	126	000b000000030d0701010300000000000000000000000000000000000000000000000000000000000000000000000000000000000000000000000000000000000000000000000000000000000000000000000000000000000a00	SET_REPORT Request
476	332.002701	host	1.1.0	USBHID	126	000c00000001070f02000000000000000000000000000000000000000000000000000000000000000000000000000000000000000000000000000000000000000000000000000000000000000000000000000000000000000b00	SET_REPORT Request
500	353.682828	host	1.1.0	USBHID	126	000d00000001070f00000000000000000000000000000000000000000000000000000000000000000000000000000000000000000000000000000000000000000000000000000000000000000000000000000000000000000900	SET_REPORT Request
517	411.468212	host	1.1.0	USBHID	126	000e000000030d0701010400000000000000000000000000000000000000000000000000000000000000000000000000000000000000000000000000000000000000000000000000000000000000000000000000000000000d00	SET_REPORT Request
605	518.262033	host	1.1.0	USBHID	126	000f000000030d0701010300000000000000000000000000000000000000000000000000000000000000000000000000000000000000000000000000000000000000000000000000000000000000000000000000000000000a00	SET_REPORT Request
633	566.179657	host	1.1.0	USBHID	126	0010000000010712d000000000000000000000000000000000000000000000000000000000000000000000000000000000000000000000000000000000000000000000000000000000000000000000000000000000000000c400	SET_REPORT Request
653	579.952783	host	1.1.0	USBHID	126	001100000001071250000000000000000000000000000000000000000000000000000000000000000000000000000000000000000000000000000000000000000000000000000000000000000000000000000000000000004400	SET_REPORT Request
682	591.850558	host	1.1.0	USBHID	126	0012000000010712d000000000000000000000000000000000000000000000000000000000000000000000000000000000000000000000000000000000000000000000000000000000000000000000000000000000000000c400	SET_REPORT Request
708	610.223378	host	1.1.0	USBHID	126	001300000003030301050f00000000000000000000000000000000000000000000000000000000000000000000000000000000000000000000000000000000000000000000000000000000000000000000000000000000000800	SET_REPORT Request
713	610.652392	host	1.1.0	USBHID	126	001700000034030bff00000f00000000ff0000ff0000ff0000ff0000ff0000ff0000ff0000ff0000ff0000ff0000ff0000ff0000ff0000ff0000ff00000000000000000000000000000000000000000000000000000000003300	SET_REPORT Request
715	610.674570	host	1.1.0	USBHID	126	001800000034030bff01000f00000000ff0000ff0000ff0000ff0000ff0000ff0000ff0000ff0000ff0000ff0000ff0000ff0000ff0000000000ff0000000000000000000000000000000000000000000000000000000000cd00	SET_REPORT Request
717	610.682333	host	1.1.0	USBHID	126	001900000034030bff02000f00000000ff0000ff0000ff0000ff0000ff0000ff0000ff0000ff0000ff0000ff0000ff0000ff0000ff0000000000ff0000000000000000000000000000000000000000000000000000000000ce00	SET_REPORT Request
719	610.690568	host	1.1.0	USBHID	126	001a00000034030bff03000f00000000ff0000ff0000ff0000ff0000ff0000ff0000ff0000ff0000ff0000ff0000ff0000ff0000000000000000ff00000000000000000000000000000000000000000000000000000000003000	SET_REPORT Request
721	610.698672	host	1.1.0	USBHID	126	001b00000034030bff04000f00000000ff0000000000ff0000ff0000ff0000ff0000ff0000ff0000ff0000ff0000ff0000ff0000000000000000ff0000000000000000000000000000000000000000000000000000000000c800	SET_REPORT Request
723	610.706972	host	1.1.0	USBHID	126	001c00000034030bff05000f00000000ff0000ff0000ff0000000000ff0000ff0000000000000000ff0000ff0000ff0000ff0000ff0000ff0000ff0000000000000000000000000000000000000000000000000000000000c900	SET_REPORT Request
725	610.714575	host	1.1.0	USBHID	126	001d00000002030a05000000000000000000000000000000000000000000000000000000000000000000000000000000000000000000000000000000000000000000000000000000000000000000000000000000000000000e00	SET_REPORT Request
727	615.651716	host	1.1.0	USBHID	126	001e00000034030bff00000f00000000ff0000ff0000ff0000ff0000ff0000ff0000ff0000ff0000ff0000ff0000ff0000ff0000ff0000ff0000ff00000000000000000000000000000000000000000000000000000000003300	SET_REPORT Request
729	615.657769	host	1.1.0	USBHID	126	001f00000034030bff01000f00000000ff0000ff0000ff0000ff0000ff0000ff0000ff0000ff0000ff0000ff0000ff0000ff0000ff0000000000ff0000000000000000000000000000000000000000000000000000000000cd00	SET_REPORT Request
731	615.666286	host	1.1.0	USBHID	126	000000000034030bff02000f00000000ff0000ff0000ff0000ff0000ff0000ff0000ff0000ff0000ff0000ff0000ff0000ff0000ff0000000000ff0000000000000000000000000000000000000000000000000000000000ce00	SET_REPORT Request
733	615.673670	host	1.1.0	USBHID	126	000100000034030bff03000f00000000ff0000ff0000ff0000ff0000ff0000ff0000ff0000ff0000ff0000ff0000ff0000ff0000000000000000ff00000000000000000000000000000000000000000000000000000000003000	SET_REPORT Request
735	615.681884	host	1.1.0	USBHID	126	000200000034030bff04000f00000000ff0000000000ff0000ff0000ff0000ff0000ff0000ff0000ff0000ff0000ff0000ff0000000000000000ff0000000000000000000000000000000000000000000000000000000000c800	SET_REPORT Request
737	615.689646	host	1.1.0	USBHID	126	000300000034030bff05000f00000000ff0000ff0000ff0000000000ff0000ff0000000000000000ff0000ff0000ff0000ff0000ff0000ff0000ff0000000000000000000000000000000000000000000000000000000000c900	SET_REPORT Request
739	615.697572	host	1.1.0	USBHID	126	000400000002030a05000000000000000000000000000000000000000000000000000000000000000000000000000000000000000000000000000000000000000000000000000000000000000000000000000000000000000e00	SET_REPORT Request
741	615.897397	host	1.1.0	USBHID	126	001400000003030301050000000000000000000000000000000000000000000000000000000000000000000000000000000000000000000000000000000000000000000000000000000000000000000000000000000000000700	SET_REPORT Request
745	620.699593	host	1.1.0	USBHID	126	000500000034030bff00000f00000000ff0000ff0000ff0000ff0000ff0000ff0000ff0000ff0000ff0000ff0000ff0000ff0000ff0000ff0000ff00000000000000000000000000000000000000000000000000000000003300	SET_REPORT Request
747	620.706074	host	1.1.0	USBHID	126	000600000034030bff01000f00000000ff0000ff0000ff0000ff0000ff0000ff0000ff0000ff0000ff0000ff0000ff0000ff0000ff0000000000ff0000000000000000000000000000000000000000000000000000000000cd00	SET_REPORT Request
749	620.714387	host	1.1.0	USBHID	126	000700000034030bff02000f00000000ff0000ff0000ff0000ff0000ff0000ff0000ff0000ff0000ff0000ff0000ff0000ff0000ff0000000000ff0000000000000000000000000000000000000000000000000000000000ce00	SET_REPORT Request
751	620.722220	host	1.1.0	USBHID	126	000800000034030bff03000f00000000ff0000ff0000ff0000ff0000ff0000ff0000ff0000ff0000ff0000ff0000ff0000ff0000000000000000ff00000000000000000000000000000000000000000000000000000000003000	SET_REPORT Request
753	620.730431	host	1.1.0	USBHID	126	000900000034030bff04000f00000000ff0000000000ff0000ff0000ff0000ff0000ff0000ff0000ff0000ff0000ff0000ff0000000000000000ff0000000000000000000000000000000000000000000000000000000000c800	SET_REPORT Request
755	620.738076	host	1.1.0	USBHID	126	000a00000034030bff05000f00000000ff0000ff0000ff0000000000ff0000ff0000000000000000ff0000ff0000ff0000ff0000ff0000ff0000ff0000000000000000000000000000000000000000000000000000000000c900	SET_REPORT Request
757	620.746506	host	1.1.0	USBHID	126	000b00000002030a05000000000000000000000000000000000000000000000000000000000000000000000000000000000000000000000000000000000000000000000000000000000000000000000000000000000000000e00	SET_REPORT Request
759	625.728579	host	1.1.0	USBHID	126	000c00000034030bff00000f00000000ff0000ff0000ff0000ff0000ff0000ff0000ff0000ff0000ff0000ff0000ff0000ff0000ff0000ff0000ff00000000000000000000000000000000000000000000000000000000003300	SET_REPORT Request
761	625.730275	host	1.1.0	USBHID	126	000d00000034030bff01000f00000000ff0000ff0000ff0000ff0000ff0000ff0000ff0000ff0000ff0000ff0000ff0000ff0000ff0000000000ff0000000000000000000000000000000000000000000000000000000000cd00	SET_REPORT Request
763	625.732373	host	1.1.0	USBHID	126	000e00000034030bff02000f00000000ff0000ff0000ff0000ff0000ff0000ff0000ff0000ff0000ff0000ff0000ff0000ff0000ff0000000000ff0000000000000000000000000000000000000000000000000000000000ce00	SET_REPORT Request
765	625.734384	host	1.1.0	USBHID	126	000f00000034030bff03000f00000000ff0000ff0000ff0000ff0000ff0000ff0000ff0000ff0000ff0000ff0000ff0000ff0000000000000000ff00000000000000000000000000000000000000000000000000000000003000	SET_REPORT Request
767	625.736644	host	1.1.0	USBHID	126	001000000034030bff04000f00000000ff0000000000ff0000ff0000ff0000ff0000ff0000ff0000ff0000ff0000ff0000ff0000000000000000ff0000000000000000000000000000000000000000000000000000000000c800	SET_REPORT Request
769	625.738792	host	1.1.0	USBHID	126	001100000034030bff05000f00000000ff0000ff0000ff0000000000ff0000ff0000000000000000ff0000ff0000ff0000ff0000ff0000ff0000ff0000000000000000000000000000000000000000000000000000000000c900	SET_REPORT Request
771	625.740943	host	1.1.0	USBHID	126	001200000002030a05000000000000000000000000000000000000000000000000000000000000000000000000000000000000000000000000000000000000000000000000000000000000000000000000000000000000000e00	SET_REPORT Request
773	630.693564	host	1.1.0	USBHID	126	001300000034030bff00000f00000000ff0000ff0000ff0000ff0000ff0000ff0000ff0000ff0000ff0000ff0000ff0000ff0000ff0000ff0000ff00000000000000000000000000000000000000000000000000000000003300	SET_REPORT Request
775	630.701241	host	1.1.0	USBHID	126	001400000034030bff01000f00000000ff0000ff0000ff0000ff0000ff0000ff0000ff0000ff0000ff0000ff0000ff0000ff0000ff0000000000ff0000000000000000000000000000000000000000000000000000000000cd00	SET_REPORT Request
777	630.709028	host	1.1.0	USBHID	126	001500000034030bff02000f00000000ff0000ff0000ff0000ff0000ff0000ff0000ff0000ff0000ff0000ff0000ff0000ff0000ff0000000000ff0000000000000000000000000000000000000000000000000000000000ce00	SET_REPORT Request
779	630.717176	host	1.1.0	USBHID	126	001600000034030bff03000f00000000ff0000ff0000ff0000ff0000ff0000ff0000ff0000ff0000ff0000ff0000ff0000ff0000000000000000ff00000000000000000000000000000000000000000000000000000000003000	SET_REPORT Request
781	630.724879	host	1.1.0	USBHID	126	001700000034030bff04000f00000000ff0000000000ff0000ff0000ff0000ff0000ff0000ff0000ff0000ff0000ff0000ff0000000000000000ff0000000000000000000000000000000000000000000000000000000000c800	SET_REPORT Request
783	630.734307	host	1.1.0	USBHID	126	001800000034030bff05000f00000000ff0000ff0000ff0000000000ff0000ff0000000000000000ff0000ff0000ff0000ff0000ff0000ff0000ff0000000000000000000000000000000000000000000000000000000000c900	SET_REPORT Request
785	630.740733	host	1.1.0	USBHID	126	001900000002030a05000000000000000000000000000000000000000000000000000000000000000000000000000000000000000000000000000000000000000000000000000000000000000000000000000000000000000e00	SET_REPORT Request
787	635.690614	host	1.1.0	USBHID	126	001a00000034030bff00000f00000000ff0000ff0000ff0000ff0000ff0000ff0000ff0000ff0000ff0000ff0000ff0000ff0000ff0000ff0000ff00000000000000000000000000000000000000000000000000000000003300	SET_REPORT Request
789	635.697919	host	1.1.0	USBHID	126	001b00000034030bff01000f00000000ff0000ff0000ff0000ff0000ff0000ff0000ff0000ff0000ff0000ff0000ff0000ff0000ff0000000000ff0000000000000000000000000000000000000000000000000000000000cd00	SET_REPORT Request
791	635.705858	host	1.1.0	USBHID	126	001c00000034030bff02000f00000000ff0000ff0000ff0000ff0000ff0000ff0000ff0000ff0000ff0000ff0000ff0000ff0000ff0000000000ff0000000000000000000000000000000000000000000000000000000000ce00	SET_REPORT Request
793	635.713839	host	1.1.0	USBHID	126	001d00000034030bff03000f00000000ff0000ff0000ff0000ff0000ff0000ff0000ff0000ff0000ff0000ff0000ff0000ff0000000000000000ff00000000000000000000000000000000000000000000000000000000003000	SET_REPORT Request
795	635.721892	host	1.1.0	USBHID	126	001e00000034030bff04000f00000000ff0000000000ff0000ff0000ff0000ff0000ff0000ff0000ff0000ff0000ff0000ff0000000000000000ff0000000000000000000000000000000000000000000000000000000000c800	SET_REPORT Request
797	635.729969	host	1.1.0	USBHID	126	001f00000034030bff05000f00000000ff0000ff0000ff0000000000ff0000ff0000000000000000ff0000ff0000ff0000ff0000ff0000ff0000ff0000000000000000000000000000000000000000000000000000000000c900	SET_REPORT Request
799	635.737973	host	1.1.0	USBHID	126	000000000002030a05000000000000000000000000000000000000000000000000000000000000000000000000000000000000000000000000000000000000000000000000000000000000000000000000000000000000000e00	SET_REPORT Request
801	639.509188	host	1.1.0	USBHID	126	001500000003030200040000000000000000000000000000000000000000000000000000000000000000000000000000000000000000000000000000000000000000000000000000000000000000000000000000000000000600	SET_REPORT Request
805	639.519671	host	1.1.0	USBHID	126	001600000003030000040100000000000000000000000000000000000000000000000000000000000000000000000000000000000000000000000000000000000000000000000000000000000000000000000000000000000500	SET_REPORT Request
809	640.729244	host	1.1.0	USBHID	126	000100000034030bff00000f00000000ff0000ff0000ff0000ff0000ff0000ff0000ff0000ff0000ff0000ff0000ff0000ff0000ff0000ff0000ff00000000000000000000000000000000000000000000000000000000003300	SET_REPORT Request
811	640.737499	host	1.1.0	USBHID	126	000200000034030bff01000f00000000ff0000ff0000ff0000ff0000ff0000ff0000ff0000ff0000ff0000ff0000ff0000ff0000ff0000000000ff0000000000000000000000000000000000000000000000000000000000cd00	SET_REPORT Request
813	640.745741	host	1.1.0	USBHID	126	000300000034030bff02000f00000000ff0000ff0000ff0000ff0000ff0000ff0000ff0000ff0000ff0000ff0000ff0000ff0000ff0000000000ff0000000000000000000000000000000000000000000000000000000000ce00	SET_REPORT Request
815	640.754066	host	1.1.0	USBHID	126	000400000034030bff03000f00000000ff0000ff0000ff0000ff0000ff0000ff0000ff0000ff0000ff0000ff0000ff0000ff0000000000000000ff00000000000000000000000000000000000000000000000000000000003000	SET_REPORT Request
817	640.762474	host	1.1.0	USBHID	126	000500000034030bff04000f00000000ff0000000000ff0000ff0000ff0000ff0000ff0000ff0000ff0000ff0000ff0000ff0000000000000000ff0000000000000000000000000000000000000000000000000000000000c800	SET_REPORT Request
819	640.770272	host	1.1.0	USBHID	126	000600000034030bff05000f00000000ff0000ff0000ff0000000000ff0000ff0000000000000000ff0000ff0000ff0000ff0000ff0000ff0000ff0000000000000000000000000000000000000000000000000000000000c900	SET_REPORT Request
821	640.778185	host	1.1.0	USBHID	126	000700000002030a05000000000000000000000000000000000000000000000000000000000000000000000000000000000000000000000000000000000000000000000000000000000000000000000000000000000000000e00	SET_REPORT Request
823	644.128790	host	1.1.0	USBHID	126	001700000003030200040000000000000000000000000000000000000000000000000000000000000000000000000000000000000000000000000000000000000000000000000000000000000000000000000000000000000600	SET_REPORT Request
827	644.136504	host	1.1.0	USBHID	126	001800000003030000040000000000000000000000000000000000000000000000000000000000000000000000000000000000000000000000000000000000000000000000000000000000000000000000000000000000000400	SET_REPORT Request
831	645.699719	host	1.1.0	USBHID	126	000800000034030bff00000f00000000ff0000ff0000ff0000ff0000ff0000ff0000ff0000ff0000ff0000ff0000ff0000ff0000ff0000ff0000ff00000000000000000000000000000000000000000000000000000000003300	SET_REPORT Request
833	645.702203	host	1.1.0	USBHID	126	000900000034030bff01000f00000000ff0000ff0000ff0000ff0000ff0000ff0000ff0000ff0000ff0000ff0000ff0000ff0000ff0000000000ff0000000000000000000000000000000000000000000000000000000000cd00	SET_REPORT Request
835	645.703844	host	1.1.0	USBHID	126	000a00000034030bff02000f00000000ff0000ff0000ff0000ff0000ff0000ff0000ff0000ff0000ff0000ff0000ff0000ff0000ff0000000000ff0000000000000000000000000000000000000000000000000000000000ce00	SET_REPORT Request
837	645.705896	host	1.1.0	USBHID	126	000b00000034030bff03000f00000000ff0000ff0000ff0000ff0000ff0000ff0000ff0000ff0000ff0000ff0000ff0000ff0000000000000000ff00000000000000000000000000000000000000000000000000000000003000	SET_REPORT Request
839	645.708533	host	1.1.0	USBHID	126	000c00000034030bff04000f00000000ff0000000000ff0000ff0000ff0000ff0000ff0000ff0000ff0000ff0000ff0000ff0000000000000000ff0000000000000000000000000000000000000000000000000000000000c800	SET_REPORT Request
841	645.710573	host	1.1.0	USBHID	126	000d00000034030bff05000f00000000ff0000ff0000ff0000000000ff0000ff0000000000000000ff0000ff0000ff0000ff0000ff0000ff0000ff0000000000000000000000000000000000000000000000000000000000c900	SET_REPORT Request
843	645.712556	host	1.1.0	USBHID	126	000e00000002030a05000000000000000000000000000000000000000000000000000000000000000000000000000000000000000000000000000000000000000000000000000000000000000000000000000000000000000e00	SET_REPORT Request
845	650.704013	host	1.1.0	USBHID	126	000f00000034030bff00000f00000000ff0000ff0000ff0000ff0000ff0000ff0000ff0000ff0000ff0000ff0000ff0000ff0000ff0000ff0000ff00000000000000000000000000000000000000000000000000000000003300	SET_REPORT Request
847	650.705856	host	1.1.0	USBHID	126	001000000034030bff01000f00000000ff0000ff0000ff0000ff0000ff0000ff0000ff0000ff0000ff0000ff0000ff0000ff0000ff0000000000ff0000000000000000000000000000000000000000000000000000000000cd00	SET_REPORT Request
849	650.707723	host	1.1.0	USBHID	126	001100000034030bff02000f00000000ff0000ff0000ff0000ff0000ff0000ff0000ff0000ff0000ff0000ff0000ff0000ff0000ff0000000000ff0000000000000000000000000000000000000000000000000000000000ce00	SET_REPORT Request
851	650.710410	host	1.1.0	USBHID	126	001200000034030bff03000f00000000ff0000ff0000ff0000ff0000ff0000ff0000ff0000ff0000ff0000ff0000ff0000ff0000000000000000ff00000000000000000000000000000000000000000000000000000000003000	SET_REPORT Request
853	650.712414	host	1.1.0	USBHID	126	001300000034030bff04000f00000000ff0000000000ff0000ff0000ff0000ff0000ff0000ff0000ff0000ff0000ff0000ff0000000000000000ff0000000000000000000000000000000000000000000000000000000000c800	SET_REPORT Request
855	650.714382	host	1.1.0	USBHID	126	001400000034030bff05000f00000000ff0000ff0000ff0000000000ff0000ff0000000000000000ff0000ff0000ff0000ff0000ff0000ff0000ff0000000000000000000000000000000000000000000000000000000000c900	SET_REPORT Request
857	650.716413	host	1.1.0	USBHID	126	001500000002030a05000000000000000000000000000000000000000000000000000000000000000000000000000000000000000000000000000000000000000000000000000000000000000000000000000000000000000e00	SET_REPORT Request
859	655.721675	host	1.1.0	USBHID	126	001600000034030bff00000f00000000ff0000ff0000ff0000ff0000ff0000ff0000ff0000ff0000ff0000ff0000ff0000ff0000ff0000ff0000ff00000000000000000000000000000000000000000000000000000000003300	SET_REPORT Request
861	655.723569	host	1.1.0	USBHID	126	001700000034030bff01000f00000000ff0000ff0000ff0000ff0000ff0000ff0000ff0000ff0000ff0000ff0000ff0000ff0000ff0000000000ff0000000000000000000000000000000000000000000000000000000000cd00	SET_REPORT Request
863	655.725130	host	1.1.0	USBHID	126	001800000034030bff02000f00000000ff0000ff0000ff0000ff0000ff0000ff0000ff0000ff0000ff0000ff0000ff0000ff0000ff0000000000ff0000000000000000000000000000000000000000000000000000000000ce00	SET_REPORT Request
865	655.726620	host	1.1.0	USBHID	126	001900000034030bff03000f00000000ff0000ff0000ff0000ff0000ff0000ff0000ff0000ff0000ff0000ff0000ff0000ff0000000000000000ff00000000000000000000000000000000000000000000000000000000003000	SET_REPORT Request
867	655.728181	host	1.1.0	USBHID	126	001a00000034030bff04000f00000000ff0000000000ff0000ff0000ff0000ff0000ff0000ff0000ff0000ff0000ff0000ff0000000000000000ff0000000000000000000000000000000000000000000000000000000000c800	SET_REPORT Request
869	655.730035	host	1.1.0	USBHID	126	001b00000034030bff05000f00000000ff0000ff0000ff0000000000ff0000ff0000000000000000ff0000ff0000ff0000ff0000ff0000ff0000ff0000000000000000000000000000000000000000000000000000000000c900	SET_REPORT Request
871	655.732311	host	1.1.0	USBHID	126	001c00000002030a05000000000000000000000000000000000000000000000000000000000000000000000000000000000000000000000000000000000000000000000000000000000000000000000000000000000000000e00	SET_REPORT Request
905	660.690245	host	1.1.0	USBHID	126	001d00000034030bff00000f00000000ff0000ff0000ff0000ff0000ff0000ff0000ff0000ff0000ff0000ff0000ff0000ff0000ff0000ff0000ff00000000000000000000000000000000000000000000000000000000003300	SET_REPORT Request
907	660.695803	host	1.1.0	USBHID	126	001e00000034030bff01000f00000000ff0000ff0000ff0000ff0000ff0000ff0000ff0000ff0000ff0000ff0000ff0000ff0000ff0000000000ff0000000000000000000000000000000000000000000000000000000000cd00	SET_REPORT Request
909	660.703791	host	1.1.0	USBHID	126	001f00000034030bff02000f00000000ff0000ff0000ff0000ff0000ff0000ff0000ff0000ff0000ff0000ff0000ff0000ff0000ff0000000000ff0000000000000000000000000000000000000000000000000000000000ce00	SET_REPORT Request
911	660.712213	host	1.1.0	USBHID	126	000000000034030bff03000f00000000ff0000ff0000ff0000ff0000ff0000ff0000ff0000ff0000ff0000ff0000ff0000ff0000000000000000ff00000000000000000000000000000000000000000000000000000000003000	SET_REPORT Request
913	660.720121	host	1.1.0	USBHID	126	000100000034030bff04000f00000000ff0000000000ff0000ff0000ff0000ff0000ff0000ff0000ff0000ff0000ff0000ff0000000000000000ff0000000000000000000000000000000000000000000000000000000000c800	SET_REPORT Request
915	660.728104	host	1.1.0	USBHID	126	000200000034030bff05000f00000000ff0000ff0000ff0000000000ff0000ff0000000000000000ff0000ff0000ff0000ff0000ff0000ff0000ff0000000000000000000000000000000000000000000000000000000000c900	SET_REPORT Request
917	660.736001	host	1.1.0	USBHID	126	000300000002030a05000000000000000000000000000000000000000000000000000000000000000000000000000000000000000000000000000000000000000000000000000000000000000000000000000000000000000e00	SET_REPORT Request
963	665.125790	host	1.1.0	USBHID	126	001900000003030301050000000000000000000000000000000000000000000000000000000000000000000000000000000000000000000000000000000000000000000000000000000000000000000000000000000000000700	SET_REPORT Request
971	665.312717	host	1.1.0	USBHID	126	001a00000003030301050000000000000000000000000000000000000000000000000000000000000000000000000000000000000000000000000000000000000000000000000000000000000000000000000000000000000700	SET_REPORT Request
979	665.521025	host	1.1.0	USBHID	126	001b00000003030301050000000000000000000000000000000000000000000000000000000000000000000000000000000000000000000000000000000000000000000000000000000000000000000000000000000000000700	SET_REPORT Request
987	665.705456	host	1.1.0	USBHID	126	001c00000003030301050f00000000000000000000000000000000000000000000000000000000000000000000000000000000000000000000000000000000000000000000000000000000000000000000000000000000000800	SET_REPORT Request
993	665.775113	host	1.1.0	USBHID	126	000400000034030bff00000f00000000ff0000ff0000ff0000ff0000ff0000ff0000ff0000ff0000ff0000ff0000ff0000ff0000ff0000ff0000ff00000000000000000000000000000000000000000000000000000000003300	SET_REPORT Request
995	665.780087	host	1.1.0	USBHID	126	000500000034030bff01000f00000000ff0000ff0000ff0000ff0000ff0000ff0000ff0000ff0000ff0000ff0000ff0000ff0000ff0000000000ff0000000000000000000000000000000000000000000000000000000000cd00	SET_REPORT Request
997	665.782133	host	1.1.0	USBHID	126	000600000034030bff02000f00000000ff0000ff0000ff0000ff0000ff0000ff0000ff0000ff0000ff0000ff0000ff0000ff0000ff0000000000ff0000000000000000000000000000000000000000000000000000000000ce00	SET_REPORT Request
999	665.783880	host	1.1.0	USBHID	126	000700000034030bff03000f00000000ff0000ff0000ff0000ff0000ff0000ff0000ff0000ff0000ff0000ff0000ff0000ff0000000000000000ff00000000000000000000000000000000000000000000000000000000003000	SET_REPORT Request
1001	665.791446	host	1.1.0	USBHID	126	000800000034030bff04000f00000000ff0000000000ff0000ff0000ff0000ff0000ff0000ff0000ff0000ff0000ff0000ff0000000000000000ff0000000000000000000000000000000000000000000000000000000000c800	SET_REPORT Request
1003	665.797122	host	1.1.0	USBHID	126	000900000034030bff05000f00000000ff0000ff0000ff0000000000ff0000ff0000000000000000ff0000ff0000ff0000ff0000ff0000ff0000ff0000000000000000000000000000000000000000000000000000000000c900	SET_REPORT Request
1005	665.799122	host	1.1.0	USBHID	126	000a00000002030a05000000000000000000000000000000000000000000000000000000000000000000000000000000000000000000000000000000000000000000000000000000000000000000000000000000000000000e00	SET_REPORT Request
1007	665.807563	host	1.1.0	USBHID	126	001d00000003030301051e00000000000000000000000000000000000000000000000000000000000000000000000000000000000000000000000000000000000000000000000000000000000000000000000000000000001900	SET_REPORT Request
1017	666.067461	host	1.1.0	USBHID	126	001e00000003030301052d00000000000000000000000000000000000000000000000000000000000000000000000000000000000000000000000000000000000000000000000000000000000000000000000000000000002a00	SET_REPORT Request
1025	666.245639	host	1.1.0	USBHID	126	000000000003030301053c00000000000000000000000000000000000000000000000000000000000000000000000000000000000000000000000000000000000000000000000000000000000000000000000000000000003b00	SET_REPORT Request
1033	666.430347	host	1.1.0	USBHID	126	000100000003030301054b00000000000000000000000000000000000000000000000000000000000000000000000000000000000000000000000000000000000000000000000000000000000000000000000000000000004c00	SET_REPORT Request
1039	666.533526	host	1.1.0	USBHID	126	000200000003030301055a00000000000000000000000000000000000000000000000000000000000000000000000000000000000000000000000000000000000000000000000000000000000000000000000000000000005d00	SET_REPORT Request
1049	666.764296	host	1.1.0	USBHID	126	000300000003030301056900000000000000000000000000000000000000000000000000000000000000000000000000000000000000000000000000000000000000000000000000000000000000000000000000000000006e00	SET_REPORT Request
1055	667.139783	host	1.1.0	USBHID	126	000400000003030301055a00000000000000000000000000000000000000000000000000000000000000000000000000000000000000000000000000000000000000000000000000000000000000000000000000000000005d00	SET_REPORT Request
1059	667.993661	host	1.1.0	USBHID	126	000500000003030301054b00000000000000000000000000000000000000000000000000000000000000000000000000000000000000000000000000000000000000000000000000000000000000000000000000000000004c00	SET_REPORT Request
1069	668.317243	host	1.1.0	USBHID	126	000600000003030301053c00000000000000000000000000000000000000000000000000000000000000000000000000000000000000000000000000000000000000000000000000000000000000000000000000000000003b00	SET_REPORT Request
1077	668.499379	host	1.1.0	USBHID	126	000700000003030301052d00000000000000000000000000000000000000000000000000000000000000000000000000000000000000000000000000000000000000000000000000000000000000000000000000000000002a00	SET_REPORT Request
1083	668.603424	host	1.1.0	USBHID	126	000800000003030301051e00000000000000000000000000000000000000000000000000000000000000000000000000000000000000000000000000000000000000000000000000000000000000000000000000000000001900	SET_REPORT Request
1093	668.879306	host	1.1.0	USBHID	126	000900000003030301050f00000000000000000000000000000000000000000000000000000000000000000000000000000000000000000000000000000000000000000000000000000000000000000000000000000000000800	SET_REPORT Request
1101	669.039707	host	1.1.0	USBHID	126	000a00000003030301050100000000000000000000000000000000000000000000000000000000000000000000000000000000000000000000000000000000000000000000000000000000000000000000000000000000000600	SET_REPORT Request
1109	669.203732	host	1.1.0	USBHID	126	000b00000003030301050000000000000000000000000000000000000000000000000000000000000000000000000000000000000000000000000000000000000000000000000000000000000000000000000000000000000700	SET_REPORT Request
1117	669.364322	host	1.1.0	USBHID	126	000c00000003030301050000000000000000000000000000000000000000000000000000000000000000000000000000000000000000000000000000000000000000000000000000000000000000000000000000000000000700	SET_REPORT Request
1125	669.537001	host	1.1.0	USBHID	126	000d00000003030301050000000000000000000000000000000000000000000000000000000000000000000000000000000000000000000000000000000000000000000000000000000000000000000000000000000000000700	SET_REPORT Request
1133	669.782350	host	1.1.0	USBHID	126	000e00000003030301050000000000000000000000000000000000000000000000000000000000000000000000000000000000000000000000000000000000000000000000000000000000000000000000000000000000000700	SET_REPORT Request
1141	670.247211	host	1.1.0	USBHID	126	000f00000003030301050f00000000000000000000000000000000000000000000000000000000000000000000000000000000000000000000000000000000000000000000000000000000000000000000000000000000000800	SET_REPORT Request
1147	670.704027	host	1.1.0	USBHID	126	000b00000034030bff00000f00000000ff0000ff0000ff0000ff0000ff0000ff0000ff0000ff0000ff0000ff0000ff0000ff0000ff0000ff0000ff00000000000000000000000000000000000000000000000000000000003300	SET_REPORT Request
1149	670.711565	host	1.1.0	USBHID	126	000c00000034030bff01000f00000000ff0000ff0000ff0000ff0000ff0000ff0000ff0000ff0000ff0000ff0000ff0000ff0000ff0000000000ff0000000000000000000000000000000000000000000000000000000000cd00	SET_REPORT Request
1151	670.719686	host	1.1.0	USBHID	126	000d00000034030bff02000f00000000ff0000ff0000ff0000ff0000ff0000ff0000ff0000ff0000ff0000ff0000ff0000ff0000ff0000000000ff0000000000000000000000000000000000000000000000000000000000ce00	SET_REPORT Request
1153	670.726099	host	1.1.0	USBHID	126	000e00000034030bff03000f00000000ff0000ff0000ff0000ff0000ff0000ff0000ff0000ff0000ff0000ff0000ff0000ff0000000000000000ff00000000000000000000000000000000000000000000000000000000003000	SET_REPORT Request
1155	670.728123	host	1.1.0	USBHID	126	000f00000034030bff04000f00000000ff0000000000ff0000ff0000ff0000ff0000ff0000ff0000ff0000ff0000ff0000ff0000000000000000ff0000000000000000000000000000000000000000000000000000000000c800	SET_REPORT Request
1157	670.729786	host	1.1.0	USBHID	126	001000000034030bff05000f00000000ff0000ff0000ff0000000000ff0000ff0000000000000000ff0000ff0000ff0000ff0000ff0000ff0000ff0000000000000000000000000000000000000000000000000000000000c900	SET_REPORT Request
1159	670.731206	host	1.1.0	USBHID	126	001100000002030a05000000000000000000000000000000000000000000000000000000000000000000000000000000000000000000000000000000000000000000000000000000000000000000000000000000000000000e00	SET_REPORT Request
1163	670.740871	host	1.1.0	USBHID	126	001000000003030301050000000000000000000000000000000000000000000000000000000000000000000000000000000000000000000000000000000000000000000000000000000000000000000000000000000000000700	SET_REPORT Request
1171	671.175807	host	1.1.0	USBHID	126	001100000003030301050000000000000000000000000000000000000000000000000000000000000000000000000000000000000000000000000000000000000000000000000000000000000000000000000000000000000700	SET_REPORT Request
1287	707.018147	host	1.1.0	USBHID	126	001200000003030301050000000000000000000000000000000000000000000000000000000000000000000000000000000000000000000000000000000000000000000000000000000000000000000000000000000000000700	SET_REPORT Request
1295	707.156507	host	1.1.0	USBHID	126	001300000003030301050000000000000000000000000000000000000000000000000000000000000000000000000000000000000000000000000000000000000000000000000000000000000000000000000000000000000700	SET_REPORT Request
1303	707.419902	host	1.1.0	USBHID	126	001400000003030301050000000000000000000000000000000000000000000000000000000000000000000000000000000000000000000000000000000000000000000000000000000000000000000000000000000000000700	SET_REPORT Request
1311	707.562921	host	1.1.0	USBHID	126	001500000003030301050000000000000000000000000000000000000000000000000000000000000000000000000000000000000000000000000000000000000000000000000000000000000000000000000000000000000700	SET_REPORT Request
1319	707.773841	host	1.1.0	USBHID	126	001600000003030301050000000000000000000000000000000000000000000000000000000000000000000000000000000000000000000000000000000000000000000000000000000000000000000000000000000000000700	SET_REPORT Request
1327	709.596399	host	1.1.0	USBHID	126	001700000003030301050000000000000000000000000000000000000000000000000000000000000000000000000000000000000000000000000000000000000000000000000000000000000000000000000000000000000700	SET_REPORT Request
1333	710.390453	host	1.1.0	USBHID	126	001800000003030301050000000000000000000000000000000000000000000000000000000000000000000000000000000000000000000000000000000000000000000000000000000000000000000000000000000000000700	SET_REPORT Request
1341	711.069662	host	1.1.0	USBHID	126	001900000003030301050f00000000000000000000000000000000000000000000000000000000000000000000000000000000000000000000000000000000000000000000000000000000000000000000000000000000000800	SET_REPORT Request
1347	711.165843	host	1.1.0	USBHID	126	001200000034030bff00000f00000000ff0000ff0000ff0000ff0000ff0000ff0000ff0000ff0000ff0000ff0000ff0000ff0000ff0000ff0000ff00000000000000000000000000000000000000000000000000000000003300	SET_REPORT Request
1349	711.174303	host	1.1.0	USBHID	126	001300000034030bff01000f00000000ff0000ff0000ff0000ff0000ff0000ff0000ff0000ff0000ff0000ff0000ff0000ff0000ff0000000000ff0000000000000000000000000000000000000000000000000000000000cd00	SET_REPORT Request
1351	711.180342	host	1.1.0	USBHID	126	001400000034030bff02000f00000000ff0000ff0000ff0000ff0000ff0000ff0000ff0000ff0000ff0000ff0000ff0000ff0000ff0000000000ff0000000000000000000000000000000000000000000000000000000000ce00	SET_REPORT Request
1353	711.182255	host	1.1.0	USBHID	126	001500000034030bff03000f00000000ff0000ff0000ff0000ff0000ff0000ff0000ff0000ff0000ff0000ff0000ff0000ff0000000000000000ff00000000000000000000000000000000000000000000000000000000003000	SET_REPORT Request
1355	711.190637	host	1.1.0	USBHID	126	001600000034030bff04000f00000000ff0000000000ff0000ff0000ff0000ff0000ff0000ff0000ff0000ff0000ff0000ff0000000000000000ff0000000000000000000000000000000000000000000000000000000000c800	SET_REPORT Request
1357	711.196976	host	1.1.0	USBHID	126	001700000034030bff05000f00000000ff0000ff0000ff0000000000ff0000ff0000000000000000ff0000ff0000ff0000ff0000ff0000ff0000ff0000000000000000000000000000000000000000000000000000000000c900	SET_REPORT Request
1359	711.198352	host	1.1.0	USBHID	126	001800000002030a05000000000000000000000000000000000000000000000000000000000000000000000000000000000000000000000000000000000000000000000000000000000000000000000000000000000000000e00	SET_REPORT Request
1363	715.809709	host	1.1.0	USBHID	126	001a00000003030301051e00000000000000000000000000000000000000000000000000000000000000000000000000000000000000000000000000000000000000000000000000000000000000000000000000000000001900	SET_REPORT Request
1369	715.818408	host	1.1.0	USBHID	126	001900000034030bff00000f00000000ff0000ff0000ff0000ff0000ff0000ff0000ff0000ff0000ff0000ff0000ff0000ff0000ff0000ff0000ff00000000000000000000000000000000000000000000000000000000003300	SET_REPORT Request
1371	715.820172	host	1.1.0	USBHID	126	001a00000034030bff01000f00000000ff0000ff0000ff0000ff0000ff0000ff0000ff0000ff0000ff0000ff0000ff0000ff0000ff0000000000ff0000000000000000000000000000000000000000000000000000000000cd00	SET_REPORT Request
1373	715.822171	host	1.1.0	USBHID	126	001b00000034030bff02000f00000000ff0000ff0000ff0000ff0000ff0000ff0000ff0000ff0000ff0000ff0000ff0000ff0000ff0000000000ff0000000000000000000000000000000000000000000000000000000000ce00	SET_REPORT Request
1375	715.824155	host	1.1.0	USBHID	126	001c00000034030bff03000f00000000ff0000ff0000ff0000ff0000ff0000ff0000ff0000ff0000ff0000ff0000ff0000ff0000000000000000ff00000000000000000000000000000000000000000000000000000000003000	SET_REPORT Request
1377	715.826137	host	1.1.0	USBHID	126	001d00000034030bff04000f00000000ff0000000000ff0000ff0000ff0000ff0000ff0000ff0000ff0000ff0000ff0000ff0000000000000000ff0000000000000000000000000000000000000000000000000000000000c800	SET_REPORT Request
1379	715.828174	host	1.1.0	USBHID	126	001e00000034030bff05000f00000000ff0000ff0000ff0000000000ff0000ff0000000000000000ff0000ff0000ff0000ff0000ff0000ff0000ff0000000000000000000000000000000000000000000000000000000000c900	SET_REPORT Request
1381	715.830149	host	1.1.0	USBHID	126	001f00000002030a05000000000000000000000000000000000000000000000000000000000000000000000000000000000000000000000000000000000000000000000000000000000000000000000000000000000000000e00	SET_REPORT Request
1385	716.883506	host	1.1.0	USBHID	126	001b00000003030301052d00000000000000000000000000000000000000000000000000000000000000000000000000000000000000000000000000000000000000000000000000000000000000000000000000000000002a00	SET_REPORT Request
1393	720.200734	host	1.1.0	USBHID	126	001c00000003030301053c00000000000000000000000000000000000000000000000000000000000000000000000000000000000000000000000000000000000000000000000000000000000000000000000000000000003b00	SET_REPORT Request
1401	720.713130	host	1.1.0	USBHID	126	001d00000003030301054b00000000000000000000000000000000000000000000000000000000000000000000000000000000000000000000000000000000000000000000000000000000000000000000000000000000004c00	SET_REPORT Request
1407	720.831342	host	1.1.0	USBHID	126	000000000034030bff00000f00000000ff0000ff0000ff0000ff0000ff0000ff0000ff0000ff0000ff0000ff0000ff0000ff0000ff0000ff0000ff00000000000000000000000000000000000000000000000000000000003300	SET_REPORT Request
1409	720.838652	host	1.1.0	USBHID	126	000100000034030bff01000f00000000ff0000ff0000ff0000ff0000ff0000ff0000ff0000ff0000ff0000ff0000ff0000ff0000ff0000000000ff0000000000000000000000000000000000000000000000000000000000cd00	SET_REPORT Request
1411	720.846762	host	1.1.0	USBHID	126	000200000034030bff02000f00000000ff0000ff0000ff0000ff0000ff0000ff0000ff0000ff0000ff0000ff0000ff0000ff0000ff0000000000ff0000000000000000000000000000000000000000000000000000000000ce00	SET_REPORT Request
1413	720.854662	host	1.1.0	USBHID	126	000300000034030bff03000f00000000ff0000ff0000ff0000ff0000ff0000ff0000ff0000ff0000ff0000ff0000ff0000ff0000000000000000ff00000000000000000000000000000000000000000000000000000000003000	SET_REPORT Request
1415	720.862682	host	1.1.0	USBHID	126	000400000034030bff04000f00000000ff0000000000ff0000ff0000ff0000ff0000ff0000ff0000ff0000ff0000ff0000ff0000000000000000ff0000000000000000000000000000000000000000000000000000000000c800	SET_REPORT Request
1417	720.870596	host	1.1.0	USBHID	126	000500000034030bff05000f00000000ff0000ff0000ff0000000000ff0000ff0000000000000000ff0000ff0000ff0000ff0000ff0000ff0000ff0000000000000000000000000000000000000000000000000000000000c900	SET_REPORT Request
1419	720.878826	host	1.1.0	USBHID	126	000600000002030a05000000000000000000000000000000000000000000000000000000000000000000000000000000000000000000000000000000000000000000000000000000000000000000000000000000000000000e00	SET_REPORT Request
1425	721.219185	host	1.1.0	USBHID	126	001e00000003030301055a00000000000000000000000000000000000000000000000000000000000000000000000000000000000000000000000000000000000000000000000000000000000000000000000000000000005d00	SET_REPORT Request
1431	724.575963	host	1.1.0	USBHID	126	000000000003030301054b00000000000000000000000000000000000000000000000000000000000000000000000000000000000000000000000000000000000000000000000000000000000000000000000000000000004c00	SET_REPORT Request
1439	724.954598	host	1.1.0	USBHID	126	000100000003030301053c00000000000000000000000000000000000000000000000000000000000000000000000000000000000000000000000000000000000000000000000000000000000000000000000000000000003b00	SET_REPORT Request
1445	725.822643	host	1.1.0	USBHID	126	000700000034030bff00000f00000000ff0000ff0000ff0000ff0000ff0000ff0000ff0000ff0000ff0000ff0000ff0000ff0000ff0000ff0000ff00000000000000000000000000000000000000000000000000000000003300	SET_REPORT Request
1447	725.824842	host	1.1.0	USBHID	126	000800000034030bff01000f00000000ff0000ff0000ff0000ff0000ff0000ff0000ff0000ff0000ff0000ff0000ff0000ff0000ff0000000000ff0000000000000000000000000000000000000000000000000000000000cd00	SET_REPORT Request
1449	725.826935	host	1.1.0	USBHID	126	000900000034030bff02000f00000000ff0000ff0000ff0000ff0000ff0000ff0000ff0000ff0000ff0000ff0000ff0000ff0000ff0000000000ff0000000000000000000000000000000000000000000000000000000000ce00	SET_REPORT Request
1451	725.828941	host	1.1.0	USBHID	126	000a00000034030bff03000f00000000ff0000ff0000ff0000ff0000ff0000ff0000ff0000ff0000ff0000ff0000ff0000ff0000000000000000ff00000000000000000000000000000000000000000000000000000000003000	SET_REPORT Request
1453	725.830883	host	1.1.0	USBHID	126	000b00000034030bff04000f00000000ff0000000000ff0000ff0000ff0000ff0000ff0000ff0000ff0000ff0000ff0000ff0000000000000000ff0000000000000000000000000000000000000000000000000000000000c800	SET_REPORT Request
1455	725.832846	host	1.1.0	USBHID	126	000c00000034030bff05000f00000000ff0000ff0000ff0000000000ff0000ff0000000000000000ff0000ff0000ff0000ff0000ff0000ff0000ff0000000000000000000000000000000000000000000000000000000000c900	SET_REPORT Request
1457	725.834842	host	1.1.0	USBHID	126	000d00000002030a05000000000000000000000000000000000000000000000000000000000000000000000000000000000000000000000000000000000000000000000000000000000000000000000000000000000000000e00	SET_REPORT Request
1459	725.841822	host	1.1.0	USBHID	126	000200000003030301052d00000000000000000000000000000000000000000000000000000000000000000000000000000000000000000000000000000000000000000000000000000000000000000000000000000000002a00	SET_REPORT Request
1467	726.136521	host	1.1.0	USBHID	126	000300000003030301051e00000000000000000000000000000000000000000000000000000000000000000000000000000000000000000000000000000000000000000000000000000000000000000000000000000000001900	SET_REPORT Request
1475	726.309235	host	1.1.0	USBHID	126	000400000003030301050f00000000000000000000000000000000000000000000000000000000000000000000000000000000000000000000000000000000000000000000000000000000000000000000000000000000000800	SET_REPORT Request
1483	726.518825	host	1.1.0	USBHID	126	000500000003030301050100000000000000000000000000000000000000000000000000000000000000000000000000000000000000000000000000000000000000000000000000000000000000000000000000000000000600	SET_REPORT Request
1491	726.731499	host	1.1.0	USBHID	126	000600000003030301050000000000000000000000000000000000000000000000000000000000000000000000000000000000000000000000000000000000000000000000000000000000000000000000000000000000000700	SET_REPORT Request
1499	726.946960	host	1.1.0	USBHID	126	000700000003030301050000000000000000000000000000000000000000000000000000000000000000000000000000000000000000000000000000000000000000000000000000000000000000000000000000000000000700	SET_REPORT Request
1507	727.172043	host	1.1.0	USBHID	126	000800000003030301050000000000000000000000000000000000000000000000000000000000000000000000000000000000000000000000000000000000000000000000000000000000000000000000000000000000000700	SET_REPORT Request
1515	727.445376	host	1.1.0	USBHID	126	000900000003030301050000000000000000000000000000000000000000000000000000000000000000000000000000000000000000000000000000000000000000000000000000000000000000000000000000000000000700	SET_REPORT Request
1523	727.620647	host	1.1.0	USBHID	126	000a00000003030301050000000000000000000000000000000000000000000000000000000000000000000000000000000000000000000000000000000000000000000000000000000000000000000000000000000000000700	SET_REPORT Request
1531	727.862915	host	1.1.0	USBHID	126	000b00000003030301050000000000000000000000000000000000000000000000000000000000000000000000000000000000000000000000000000000000000000000000000000000000000000000000000000000000000700	SET_REPORT Request
1539	728.082190	host	1.1.0	USBHID	126	000c00000003030301050000000000000000000000000000000000000000000000000000000000000000000000000000000000000000000000000000000000000000000000000000000000000000000000000000000000000700	SET_REPORT Request
1547	728.382987	host	1.1.0	USBHID	126	000d00000003030301050000000000000000000000000000000000000000000000000000000000000000000000000000000000000000000000000000000000000000000000000000000000000000000000000000000000000700	SET_REPORT Request
1575	747.649734	host	1.1.0	USBHID	126	000e00000003030301050f00000000000000000000000000000000000000000000000000000000000000000000000000000000000000000000000000000000000000000000000000000000000000000000000000000000000800	SET_REPORT Request
1579	750.846572	host	1.1.0	USBHID	126	000e00000034030bff00000f00000000ff0000ff0000ff0000ff0000ff0000ff0000ff0000ff0000ff0000ff0000ff0000ff0000ff0000ff0000ff00000000000000000000000000000000000000000000000000000000003300	SET_REPORT Request
1581	750.852549	host	1.1.0	USBHID	126	000f00000034030bff01000f00000000ff0000ff0000ff0000ff0000ff0000ff0000ff0000ff0000ff0000ff0000ff0000ff0000ff0000000000ff0000000000000000000000000000000000000000000000000000000000cd00	SET_REPORT Request
1583	750.861021	host	1.1.0	USBHID	126	001000000034030bff02000f00000000ff0000ff0000ff0000ff0000ff0000ff0000ff0000ff0000ff0000ff0000ff0000ff0000ff0000000000ff0000000000000000000000000000000000000000000000000000000000ce00	SET_REPORT Request
1585	750.868549	host	1.1.0	USBHID	126	001100000034030bff03000f00000000ff0000ff0000ff0000ff0000ff0000ff0000ff0000ff0000ff0000ff0000ff0000ff0000000000000000ff00000000000000000000000000000000000000000000000000000000003000	SET_REPORT Request
1587	750.876757	host	1.1.0	USBHID	126	001200000034030bff04000f00000000ff0000000000ff0000ff0000ff0000ff0000ff0000ff0000ff0000ff0000ff0000ff0000000000000000ff0000000000000000000000000000000000000000000000000000000000c800	SET_REPORT Request
1589	750.884462	host	1.1.0	USBHID	126	001300000034030bff05000f00000000ff0000ff0000ff0000000000ff0000ff0000000000000000ff0000ff0000ff0000ff0000ff0000ff0000ff0000000000000000000000000000000000000000000000000000000000c900	SET_REPORT Request
1591	750.893042	host	1.1.0	USBHID	126	001400000002030a05000000000000000000000000000000000000000000000000000000000000000000000000000000000000000000000000000000000000000000000000000000000000000000000000000000000000000e00	SET_REPORT Request
1593	755.887883	host	1.1.0	USBHID	126	001500000034030bff00000f00000000ff0000ff0000ff0000ff0000ff0000ff0000ff0000ff0000ff0000ff0000ff0000ff0000ff0000ff0000ff00000000000000000000000000000000000000000000000000000000003300	SET_REPORT Request
1595	755.910064	host	1.1.0	USBHID	126	001600000034030bff01000f00000000ff0000ff0000ff0000ff0000ff0000ff0000ff0000ff0000ff0000ff0000ff0000ff0000ff0000000000ff0000000000000000000000000000000000000000000000000000000000cd00	SET_REPORT Request
1597	755.917944	host	1.1.0	USBHID	126	001700000034030bff02000f00000000ff0000ff0000ff0000ff0000ff0000ff0000ff0000ff0000ff0000ff0000ff0000ff0000ff0000000000ff0000000000000000000000000000000000000000000000000000000000ce00	SET_REPORT Request
1599	755.925706	host	1.1.0	USBHID	126	001800000034030bff03000f00000000ff0000ff0000ff0000ff0000ff0000ff0000ff0000ff0000ff0000ff0000ff0000ff0000000000000000ff00000000000000000000000000000000000000000000000000000000003000	SET_REPORT Request
1601	755.933863	host	1.1.0	USBHID	126	001900000034030bff04000f00000000ff0000000000ff0000ff0000ff0000ff0000ff0000ff0000ff0000ff0000ff0000ff0000000000000000ff0000000000000000000000000000000000000000000000000000000000c800	SET_REPORT Request
1603	755.941778	host	1.1.0	USBHID	126	001a00000034030bff05000f00000000ff0000ff0000ff0000000000ff0000ff0000000000000000ff0000ff0000ff0000ff0000ff0000ff0000ff0000000000000000000000000000000000000000000000000000000000c900	SET_REPORT Request
1605	755.949848	host	1.1.0	USBHID	126	001b00000002030a05000000000000000000000000000000000000000000000000000000000000000000000000000000000000000000000000000000000000000000000000000000000000000000000000000000000000000e00	SET_REPORT Request
1607	759.831676	host	1.1.0	USBHID	126	000f00000003030301050000000000000000000000000000000000000000000000000000000000000000000000000000000000000000000000000000000000000000000000000000000000000000000000000000000000000700	SET_REPORT Request
1611	760.908716	host	1.1.0	USBHID	126	001c00000034030bff00000f00000000ff0000ff0000ff0000ff0000ff0000ff0000ff0000ff0000ff0000ff0000ff0000ff0000ff0000ff0000ff00000000000000000000000000000000000000000000000000000000003300	SET_REPORT Request
1613	760.910450	host	1.1.0	USBHID	126	001d00000034030bff01000f00000000ff0000ff0000ff0000ff0000ff0000ff0000ff0000ff0000ff0000ff0000ff0000ff0000ff0000000000ff0000000000000000000000000000000000000000000000000000000000cd00	SET_REPORT Request
1615	760.912596	host	1.1.0	USBHID	126	001e00000034030bff02000f00000000ff0000ff0000ff0000ff0000ff0000ff0000ff0000ff0000ff0000ff0000ff0000ff0000ff0000000000ff0000000000000000000000000000000000000000000000000000000000ce00	SET_REPORT Request
1617	760.914643	host	1.1.0	USBHID	126	001f00000034030bff03000f00000000ff0000ff0000ff0000ff0000ff0000ff0000ff0000ff0000ff0000ff0000ff0000ff0000000000000000ff00000000000000000000000000000000000000000000000000000000003000	SET_REPORT Request
1619	760.916338	host	1.1.0	USBHID	126	000000000034030bff04000f00000000ff0000000000ff0000ff0000ff0000ff0000ff0000ff0000ff0000ff0000ff0000ff0000000000000000ff0000000000000000000000000000000000000000000000000000000000c800	SET_REPORT Request
1621	760.918433	host	1.1.0	USBHID	126	000100000034030bff05000f00000000ff0000ff0000ff0000000000ff0000ff0000000000000000ff0000ff0000ff0000ff0000ff0000ff0000ff0000000000000000000000000000000000000000000000000000000000c900	SET_REPORT Request
1623	760.920379	host	1.1.0	USBHID	126	000200000002030a05000000000000000000000000000000000000000000000000000000000000000000000000000000000000000000000000000000000000000000000000000000000000000000000000000000000000000e00	SET_REPORT Request
1625	765.021591	host	1.1.0	USBHID	126	001000000003030200040000000000000000000000000000000000000000000000000000000000000000000000000000000000000000000000000000000000000000000000000000000000000000000000000000000000000600	SET_REPORT Request
1629	765.029200	host	1.1.0	USBHID	126	001100000003030000040100000000000000000000000000000000000000000000000000000000000000000000000000000000000000000000000000000000000000000000000000000000000000000000000000000000000500	SET_REPORT Request
1633	765.921172	host	1.1.0	USBHID	126	000300000034030bff00000f00000000ff0000ff0000ff0000ff0000ff0000ff0000ff0000ff0000ff0000ff0000ff0000ff0000ff0000ff0000ff00000000000000000000000000000000000000000000000000000000003300	SET_REPORT Request
1635	765.929226	host	1.1.0	USBHID	126	000400000034030bff01000f00000000ff0000ff0000ff0000ff0000ff0000ff0000ff0000ff0000ff0000ff0000ff0000ff0000ff0000000000ff0000000000000000000000000000000000000000000000000000000000cd00	SET_REPORT Request
1637	765.937470	host	1.1.0	USBHID	126	000500000034030bff02000f00000000ff0000ff0000ff0000ff0000ff0000ff0000ff0000ff0000ff0000ff0000ff0000ff0000ff0000000000ff0000000000000000000000000000000000000000000000000000000000ce00	SET_REPORT Request
1639	765.945285	host	1.1.0	USBHID	126	000600000034030bff03000f00000000ff0000ff0000ff0000ff0000ff0000ff0000ff0000ff0000ff0000ff0000ff0000ff0000000000000000ff00000000000000000000000000000000000000000000000000000000003000	SET_REPORT Request
1641	765.953448	host	1.1.0	USBHID	126	000700000034030bff04000f00000000ff0000000000ff0000ff0000ff0000ff0000ff0000ff0000ff0000ff0000ff0000ff0000000000000000ff0000000000000000000000000000000000000000000000000000000000c800	SET_REPORT Request
1643	765.961269	host	1.1.0	USBHID	126	000800000034030bff05000f00000000ff0000ff0000ff0000000000ff0000ff0000000000000000ff0000ff0000ff0000ff0000ff0000ff0000ff0000000000000000000000000000000000000000000000000000000000c900	SET_REPORT Request
1645	765.969332	host	1.1.0	USBHID	126	000900000002030a05000000000000000000000000000000000000000000000000000000000000000000000000000000000000000000000000000000000000000000000000000000000000000000000000000000000000000e00	SET_REPORT Request
1647	770.897616	host	1.1.0	USBHID	126	000a00000034030bff00000f00000000ff0000ff0000ff0000ff0000ff0000ff0000ff0000ff0000ff0000ff0000ff0000ff0000ff0000ff0000ff00000000000000000000000000000000000000000000000000000000003300	SET_REPORT Request
1649	770.912343	host	1.1.0	USBHID	126	000b00000034030bff01000f00000000ff0000ff0000ff0000ff0000ff0000ff0000ff0000ff0000ff0000ff0000ff0000ff0000ff0000000000ff0000000000000000000000000000000000000000000000000000000000cd00	SET_REPORT Request
1651	770.920283	host	1.1.0	USBHID	126	000c00000034030bff02000f00000000ff0000ff0000ff0000ff0000ff0000ff0000ff0000ff0000ff0000ff0000ff0000ff0000ff0000000000ff0000000000000000000000000000000000000000000000000000000000ce00	SET_REPORT Request
1653	770.928578	host	1.1.0	USBHID	126	000d00000034030bff03000f00000000ff0000ff0000ff0000ff0000ff0000ff0000ff0000ff0000ff0000ff0000ff0000ff0000000000000000ff00000000000000000000000000000000000000000000000000000000003000	SET_REPORT Request
1655	770.936421	host	1.1.0	USBHID	126	000e00000034030bff04000f00000000ff0000000000ff0000ff0000ff0000ff0000ff0000ff0000ff0000ff0000ff0000ff0000000000000000ff0000000000000000000000000000000000000000000000000000000000c800	SET_REPORT Request
1657	770.944011	host	1.1.0	USBHID	126	000f00000034030bff05000f00000000ff0000ff0000ff0000000000ff0000ff0000000000000000ff0000ff0000ff0000ff0000ff0000ff0000ff0000000000000000000000000000000000000000000000000000000000c900	SET_REPORT Request
1659	770.952022	host	1.1.0	USBHID	126	001000000002030a05000000000000000000000000000000000000000000000000000000000000000000000000000000000000000000000000000000000000000000000000000000000000000000000000000000000000000e00	SET_REPORT Request
1661	775.040366	host	1.1.0	USBHID	126	001200000003030200040200000000000000000000000000000000000000000000000000000000000000000000000000000000000000000000000000000000000000000000000000000000000000000000000000000000000400	SET_REPORT Request
1665	775.051145	host	1.1.0	USBHID	126	001300000003030000040100000000000000000000000000000000000000000000000000000000000000000000000000000000000000000000000000000000000000000000000000000000000000000000000000000000000500	SET_REPORT Request
1669	775.907453	host	1.1.0	USBHID	126	001100000034030bff00000f00000000ff0000ff0000ff0000ff0000ff0000ff0000ff0000ff0000ff0000ff0000ff0000ff0000ff0000ff0000ff00000000000000000000000000000000000000000000000000000000003300	SET_REPORT Request
1671	775.915381	host	1.1.0	USBHID	126	001200000034030bff01000f00000000ff0000ff0000ff0000ff0000ff0000ff0000ff0000ff0000ff0000ff0000ff0000ff0000ff0000000000ff0000000000000000000000000000000000000000000000000000000000cd00	SET_REPORT Request
1673	775.923212	host	1.1.0	USBHID	126	001300000034030bff02000f00000000ff0000ff0000ff0000ff0000ff0000ff0000ff0000ff0000ff0000ff0000ff0000ff0000ff0000000000ff0000000000000000000000000000000000000000000000000000000000ce00	SET_REPORT Request
1675	775.931090	host	1.1.0	USBHID	126	001400000034030bff03000f00000000ff0000ff0000ff0000ff0000ff0000ff0000ff0000ff0000ff0000ff0000ff0000ff0000000000000000ff00000000000000000000000000000000000000000000000000000000003000	SET_REPORT Request
1677	775.939172	host	1.1.0	USBHID	126	001500000034030bff04000f00000000ff0000000000ff0000ff0000ff0000ff0000ff0000ff0000ff0000ff0000ff0000ff0000000000000000ff0000000000000000000000000000000000000000000000000000000000c800	SET_REPORT Request
1679	775.947063	host	1.1.0	USBHID	126	001600000034030bff05000f00000000ff0000ff0000ff0000000000ff0000ff0000000000000000ff0000ff0000ff0000ff0000ff0000ff0000ff0000000000000000000000000000000000000000000000000000000000c900	SET_REPORT Request
1681	775.955084	host	1.1.0	USBHID	126	001700000002030a05000000000000000000000000000000000000000000000000000000000000000000000000000000000000000000000000000000000000000000000000000000000000000000000000000000000000000e00	SET_REPORT Request
1683	780.907973	host	1.1.0	USBHID	126	001800000034030bff00000f00000000ff0000ff0000ff0000ff0000ff0000ff0000ff0000ff0000ff0000ff0000ff0000ff0000ff0000ff0000ff00000000000000000000000000000000000000000000000000000000003300	SET_REPORT Request
1685	780.913974	host	1.1.0	USBHID	126	001900000034030bff01000f00000000ff0000ff0000ff0000ff0000ff0000ff0000ff0000ff0000ff0000ff0000ff0000ff0000ff0000000000ff0000000000000000000000000000000000000000000000000000000000cd00	SET_REPORT Request
1687	780.916072	host	1.1.0	USBHID	126	001a00000034030bff02000f00000000ff0000ff0000ff0000ff0000ff0000ff0000ff0000ff0000ff0000ff0000ff0000ff0000ff0000000000ff0000000000000000000000000000000000000000000000000000000000ce00	SET_REPORT Request
1689	780.918057	host	1.1.0	USBHID	126	001b00000034030bff03000f00000000ff0000ff0000ff0000ff0000ff0000ff0000ff0000ff0000ff0000ff0000ff0000ff0000000000000000ff00000000000000000000000000000000000000000000000000000000003000	SET_REPORT Request
1691	780.919724	host	1.1.0	USBHID	126	001c00000034030bff04000f00000000ff0000000000ff0000ff0000ff0000ff0000ff0000ff0000ff0000ff0000ff0000ff0000000000000000ff0000000000000000000000000000000000000000000000000000000000c800	SET_REPORT Request
1693	780.921269	host	1.1.0	USBHID	126	001d00000034030bff05000f00000000ff0000ff0000ff0000000000ff0000ff0000000000000000ff0000ff0000ff0000ff0000ff0000ff0000ff0000000000000000000000000000000000000000000000000000000000c900	SET_REPORT Request
1695	780.923123	host	1.1.0	USBHID	126	001e00000002030a05000000000000000000000000000000000000000000000000000000000000000000000000000000000000000000000000000000000000000000000000000000000000000000000000000000000000000e00	SET_REPORT Request
1697	784.807877	host	1.1.0	USBHID	126	001400000003030200040000000000000000000000000000000000000000000000000000000000000000000000000000000000000000000000000000000000000000000000000000000000000000000000000000000000000600	SET_REPORT Request
1701	784.817659	host	1.1.0	USBHID	126	001500000003030000040000000000000000000000000000000000000000000000000000000000000000000000000000000000000000000000000000000000000000000000000000000000000000000000000000000000000400	SET_REPORT Request
1705	785.902479	host	1.1.0	USBHID	126	001f00000034030bff00000f00000000ff0000ff0000ff0000ff0000ff0000ff0000ff0000ff0000ff0000ff0000ff0000ff0000ff0000ff0000ff00000000000000000000000000000000000000000000000000000000003300	SET_REPORT Request
1707	785.906731	host	1.1.0	USBHID	126	000000000034030bff01000f00000000ff0000ff0000ff0000ff0000ff0000ff0000ff0000ff0000ff0000ff0000ff0000ff0000ff0000000000ff0000000000000000000000000000000000000000000000000000000000cd00	SET_REPORT Request
1709	785.914520	host	1.1.0	USBHID	126	000100000034030bff02000f00000000ff0000ff0000ff0000ff0000ff0000ff0000ff0000ff0000ff0000ff0000ff0000ff0000ff0000000000ff0000000000000000000000000000000000000000000000000000000000ce00	SET_REPORT Request
1711	785.922559	host	1.1.0	USBHID	126	000200000034030bff03000f00000000ff0000ff0000ff0000ff0000ff0000ff0000ff0000ff0000ff0000ff0000ff0000ff0000000000000000ff00000000000000000000000000000000000000000000000000000000003000	SET_REPORT Request
1713	785.930509	host	1.1.0	USBHID	126	000300000034030bff04000f00000000ff0000000000ff0000ff0000ff0000ff0000ff0000ff0000ff0000ff0000ff0000ff0000000000000000ff0000000000000000000000000000000000000000000000000000000000c800	SET_REPORT Request
1715	785.938875	host	1.1.0	USBHID	126	000400000034030bff05000f00000000ff0000ff0000ff0000000000ff0000ff0000000000000000ff0000ff0000ff0000ff0000ff0000ff0000ff0000000000000000000000000000000000000000000000000000000000c900	SET_REPORT Request
1717	785.947097	host	1.1.0	USBHID	126	000500000002030a05000000000000000000000000000000000000000000000000000000000000000000000000000000000000000000000000000000000000000000000000000000000000000000000000000000000000000e00	SET_REPORT Request
1719	790.894292	host	1.1.0	USBHID	126	000600000034030bff00000f00000000ff0000ff0000ff0000ff0000ff0000ff0000ff0000ff0000ff0000ff0000ff0000ff0000ff0000ff0000ff00000000000000000000000000000000000000000000000000000000003300	SET_REPORT Request
1721	790.900426	host	1.1.0	USBHID	126	000700000034030bff01000f00000000ff0000ff0000ff0000ff0000ff0000ff0000ff0000ff0000ff0000ff0000ff0000ff0000ff0000000000ff0000000000000000000000000000000000000000000000000000000000cd00	SET_REPORT Request
1723	790.908759	host	1.1.0	USBHID	126	000800000034030bff02000f00000000ff0000ff0000ff0000ff0000ff0000ff0000ff0000ff0000ff0000ff0000ff0000ff0000ff0000000000ff0000000000000000000000000000000000000000000000000000000000ce00	SET_REPORT Request
1725	790.916411	host	1.1.0	USBHID	126	000900000034030bff03000f00000000ff0000ff0000ff0000ff0000ff0000ff0000ff0000ff0000ff0000ff0000ff0000ff0000000000000000ff00000000000000000000000000000000000000000000000000000000003000	SET_REPORT Request
1727	790.924369	host	1.1.0	USBHID	126	000a00000034030bff04000f00000000ff0000000000ff0000ff0000ff0000ff0000ff0000ff0000ff0000ff0000ff0000ff0000000000000000ff0000000000000000000000000000000000000000000000000000000000c800	SET_REPORT Request
1729	790.932334	host	1.1.0	USBHID	126	000b00000034030bff05000f00000000ff0000ff0000ff0000000000ff0000ff0000000000000000ff0000ff0000ff0000ff0000ff0000ff0000ff0000000000000000000000000000000000000000000000000000000000c900	SET_REPORT Request
1731	790.940554	host	1.1.0	USBHID	126	000c00000002030a05000000000000000000000000000000000000000000000000000000000000000000000000000000000000000000000000000000000000000000000000000000000000000000000000000000000000000e00	SET_REPORT Request
1737	791.647606	host	1.1.0	USBHID	126	001600000003030301050000000000000000000000000000000000000000000000000000000000000000000000000000000000000000000000000000000000000000000000000000000000000000000000000000000000000700	SET_REPORT Request
1745	791.816139	host	1.1.0	USBHID	126	001700000003030301050000000000000000000000000000000000000000000000000000000000000000000000000000000000000000000000000000000000000000000000000000000000000000000000000000000000000700	SET_REPORT Request
1753	792.015655	host	1.1.0	USBHID	126	001800000003030301050000000000000000000000000000000000000000000000000000000000000000000000000000000000000000000000000000000000000000000000000000000000000000000000000000000000000700	SET_REPORT Request
1761	792.188863	host	1.1.0	USBHID	126	001900000003030301050000000000000000000000000000000000000000000000000000000000000000000000000000000000000000000000000000000000000000000000000000000000000000000000000000000000000700	SET_REPORT Request
1769	792.369379	host	1.1.0	USBHID	126	001a00000003030301050000000000000000000000000000000000000000000000000000000000000000000000000000000000000000000000000000000000000000000000000000000000000000000000000000000000000700	SET_REPORT Request
1775	792.471362	host	1.1.0	USBHID	126	001b00000003030301050000000000000000000000000000000000000000000000000000000000000000000000000000000000000000000000000000000000000000000000000000000000000000000000000000000000000700	SET_REPORT Request
1785	792.736766	host	1.1.0	USBHID	126	001c00000003030301050000000000000000000000000000000000000000000000000000000000000000000000000000000000000000000000000000000000000000000000000000000000000000000000000000000000000700	SET_REPORT Request
1799	806.252835	host	1.1.0	USBHID	126	001d00000003030200040000000000000000000000000000000000000000000000000000000000000000000000000000000000000000000000000000000000000000000000000000000000000000000000000000000000000600	SET_REPORT Request
1813	806.261211	host	1.1.0	USBHID	126	001e00000003030000040100000000000000000000000000000000000000000000000000000000000000000000000000000000000000000000000000000000000000000000000000000000000000000000000000000000000500	SET_REPORT Request
1827	813.607539	host	1.1.0	USBHID	126	000000000003030200040200000000000000000000000000000000000000000000000000000000000000000000000000000000000000000000000000000000000000000000000000000000000000000000000000000000000400	SET_REPORT Request
1841	813.616883	host	1.1.0	USBHID	126	000100000003030000040100000000000000000000000000000000000000000000000000000000000000000000000000000000000000000000000000000000000000000000000000000000000000000000000000000000000500	SET_REPORT Request
1845	818.486046	host	1.1.0	USBHID	126	000200000003030200040000000000000000000000000000000000000000000000000000000000000000000000000000000000000000000000000000000000000000000000000000000000000000000000000000000000000600	SET_REPORT Request
1849	818.493178	host	1.1.0	USBHID	126	000300000003030000040000000000000000000000000000000000000000000000000000000000000000000000000000000000000000000000000000000000000000000000000000000000000000000000000000000000000400	SET_REPORT Request
